<?xml version="1.0" encoding="UTF-8"?>
<project-private xmlns="http://www.netbeans.org/ns/project-private/1">
    <editor-bookmarks xmlns="http://www.netbeans.org/ns/editor-bookmarks/2" lastBookmarkId="0"/>
    <open-files xmlns="http://www.netbeans.org/ns/projectui-open-files/2">
        <group>
            <file>file:/C:/Users/ASUS/Documents/NetBeansProjects/PosSebastian/src/model/Venta.java</file>
            <file>file:/C:/Users/ASUS/Documents/NetBeansProjects/PosSebastian/src/view/FromsProducto.java</file>
            <file>file:/C:/Users/ASUS/Documents/NetBeansProjects/PosSebastian/src/view/Demo.java</file>
            <file>file:/C:/Users/ASUS/Documents/NetBeansProjects/PosSebastian/src/model/Cliente.java</file>
            <file>file:/C:/Users/ASUS/Documents/NetBeansProjects/PosSebastian/src/model/Producto.java</file>
        </group>
    </open-files>
</project-private>
